benchmark,realisability
F-G-contradiction-1_pb_0_pe_,unrealisable
F-G-contradiction-1_pb_1_pe_,unrealisable
F-G-contradiction-1_pb_10_pe_,unrealisable
F-G-contradiction-1_pb_11_pe_,unrealisable
F-G-contradiction-1_pb_12_pe_,unrealisable
F-G-contradiction-1_pb_13_pe_,unrealisable
F-G-contradiction-1_pb_14_pe_,unrealisable
F-G-contradiction-1_pb_2_pe_,unrealisable
F-G-contradiction-1_pb_3_pe_,unrealisable
F-G-contradiction-1_pb_4_pe_,unrealisable
F-G-contradiction-1_pb_5_pe_,unknown
F-G-contradiction-1_pb_6_pe_,unrealisable
F-G-contradiction-1_pb_7_pe_,unrealisable
F-G-contradiction-1_pb_8_pe_,unrealisable
F-G-contradiction-1_pb_9_pe_,unrealisable
F-G-contradiction-2-unreal,unrealisable
GF-G-contradiction_pb_0_pe_,unrealisable
GF-G-contradiction_pb_1_pe_,unrealisable
GF-G-contradiction_pb_2_pe_,unrealisable
GF-G-contradiction_pb_3_pe_,unrealisable
GF-G-contradiction_pb_4_pe_,unrealisable
GF-G-contradiction_pb_5_pe_,unrealisable
GF-G-contradiction_pb_6_pe_,unrealisable
GF-G-contradiction_pb_7_pe_,unknown
arbiter-paper-unreal-unreal,unrealisable
arbiter-with-failure-real,realisable
batch-arbiter-real,realisable
box-limited-real,realisable
box-real,realisable
box_pb_0_pe_,unrealisable
box_pb_1_pe_,unrealisable
buffer-storage-real,realisable
chain-4-real,realisable
chain-5-real,realisable
chain-60,unknown
chain-70,unknown
chain-simple-10-real,realisable
chain-simple-20-real,realisable
chain-simple-30-real,realisable
chain-simple-40-real,realisable
chain-simple-5-real,realisable
chain-simple-50-real,realisable
chain-simple-60-real,realisable
chain-simple-70-real,realisable
chain-simple-param-70-real,realisable
diagonal-real,realisable
elevator-paper-real,realisable
evasion-real,realisable
evasion0,unrealisable
f-real-real,realisable
f-unreal-unreal,unrealisable
follow_pb_0_pe_,unknown
follow_pb_1_pe_,unrealisable
follow_pb_2_pe_,unrealisable
follow_pb_3_pe_,unrealisable
g-real-real,realisable
g-real0,unrealisable
g-unreal-1-unreal,unrealisable
g-unreal-1_pb_0_pe_,unrealisable
g-unreal-1_pb_1_pe_,unrealisable
g-unreal-1_pb_10_pe_,unrealisable
g-unreal-1_pb_11_pe_,unrealisable
g-unreal-1_pb_12_pe_,unrealisable
g-unreal-1_pb_13_pe_,unrealisable
g-unreal-1_pb_14_pe_,unrealisable
g-unreal-1_pb_15_pe_,unrealisable
g-unreal-1_pb_16_pe_,unrealisable
g-unreal-1_pb_17_pe_,unrealisable
g-unreal-1_pb_18_pe_,unrealisable
g-unreal-1_pb_19_pe_,unrealisable
g-unreal-1_pb_2_pe_,unrealisable
g-unreal-1_pb_20_pe_,unrealisable
g-unreal-1_pb_3_pe_,unrealisable
g-unreal-1_pb_4_pe_,unrealisable
g-unreal-1_pb_5_pe_,unrealisable
g-unreal-1_pb_6_pe_,unrealisable
g-unreal-1_pb_7_pe_,unrealisable
g-unreal-1_pb_8_pe_,unrealisable
g-unreal-1_pb_9_pe_,unrealisable
g-unreal-2_pb_0_pe_,unrealisable
g-unreal-2_pb_1_pe_,unknown
g-unreal-3_pb_0_pe_,unrealisable
g-unreal-3_pb_1_pe_,unrealisable
g-unreal-3_pb_10_pe_,unrealisable
g-unreal-3_pb_11_pe_,unrealisable
g-unreal-3_pb_12_pe_,unrealisable
g-unreal-3_pb_13_pe_,unrealisable
g-unreal-3_pb_14_pe_,unrealisable
g-unreal-3_pb_2_pe_,unrealisable
g-unreal-3_pb_3_pe_,unrealisable
g-unreal-3_pb_4_pe_,unknown
g-unreal-3_pb_5_pe_,unrealisable
g-unreal-3_pb_6_pe_,unrealisable
g-unreal-3_pb_7_pe_,unrealisable
g-unreal-3_pb_8_pe_,unrealisable
g-unreal-3_pb_9_pe_,unrealisable
gf-real-real,realisable
gf-unreal_pb_0_pe_,unrealisable
gf-unreal_pb_1_pe_,unrealisable
gf-unreal_pb_10_pe_,unrealisable
gf-unreal_pb_11_pe_,unrealisable
gf-unreal_pb_12_pe_,unrealisable
gf-unreal_pb_13_pe_,unrealisable
gf-unreal_pb_14_pe_,unrealisable
gf-unreal_pb_15_pe_,unrealisable
gf-unreal_pb_16_pe_,unrealisable
gf-unreal_pb_17_pe_,unrealisable
gf-unreal_pb_18_pe_,unrealisable
gf-unreal_pb_19_pe_,unrealisable
gf-unreal_pb_2_pe_,unrealisable
gf-unreal_pb_20_pe_,unrealisable
gf-unreal_pb_21_pe_,unknown
gf-unreal_pb_22_pe_,unrealisable
gf-unreal_pb_23_pe_,unrealisable
gf-unreal_pb_24_pe_,unrealisable
gf-unreal_pb_25_pe_,unrealisable
gf-unreal_pb_26_pe_,unrealisable
gf-unreal_pb_27_pe_,unrealisable
gf-unreal_pb_28_pe_,unrealisable
gf-unreal_pb_29_pe_,unrealisable
gf-unreal_pb_3_pe_,unrealisable
gf-unreal_pb_30_pe_,unrealisable
gf-unreal_pb_31_pe_,unrealisable
gf-unreal_pb_32_pe_,unrealisable
gf-unreal_pb_33_pe_,unrealisable
gf-unreal_pb_34_pe_,unrealisable
gf-unreal_pb_35_pe_,unrealisable
gf-unreal_pb_36_pe_,unrealisable
gf-unreal_pb_37_pe_,unrealisable
gf-unreal_pb_38_pe_,unrealisable
gf-unreal_pb_39_pe_,unrealisable
gf-unreal_pb_4_pe_,unrealisable
gf-unreal_pb_40_pe_,unrealisable
gf-unreal_pb_41_pe_,unrealisable
gf-unreal_pb_42_pe_,unrealisable
gf-unreal_pb_43_pe_,unrealisable
gf-unreal_pb_44_pe_,unrealisable
gf-unreal_pb_45_pe_,unrealisable
gf-unreal_pb_46_pe_,unrealisable
gf-unreal_pb_47_pe_,unrealisable
gf-unreal_pb_5_pe_,unrealisable
gf-unreal_pb_6_pe_,unrealisable
gf-unreal_pb_7_pe_,unrealisable
gf-unreal_pb_8_pe_,unrealisable
gf-unreal_pb_9_pe_,unrealisable
heim-buechi-real,realisable
heim-double-x-real,realisable
heim-double-x0,unrealisable
heim-double-x1,unrealisable
heim-double-x10,unrealisable
heim-double-x11,unrealisable
heim-double-x12,unrealisable
heim-double-x13,unrealisable
heim-double-x2,unrealisable
heim-double-x3,unrealisable
heim-double-x4,unrealisable
heim-double-x5,unrealisable
heim-double-x6,unrealisable
heim-double-x7,unrealisable
heim-double-x8,unrealisable
heim-double-x9,unrealisable
heim-fig7-unreal,unrealisable
helipad-contradict_pb_0_pe_,unrealisable
helipad-contradict_pb_1_pe_,unknown
helipad-real,realisable
infinite-race-real,realisable
infinite-race-u_pb_0_pe_,unrealisable
infinite-race-u_pb_1_pe_,unrealisable
infinite-race-u_pb_10_pe_,unrealisable
infinite-race-u_pb_11_pe_,unrealisable
infinite-race-u_pb_12_pe_,unrealisable
infinite-race-u_pb_13_pe_,unrealisable
infinite-race-u_pb_14_pe_,unrealisable
infinite-race-u_pb_15_pe_,unrealisable
infinite-race-u_pb_16_pe_,unrealisable
infinite-race-u_pb_17_pe_,unrealisable
infinite-race-u_pb_18_pe_,unrealisable
infinite-race-u_pb_19_pe_,unknown
infinite-race-u_pb_2_pe_,unrealisable
infinite-race-u_pb_20_pe_,unrealisable
infinite-race-u_pb_21_pe_,unrealisable
infinite-race-u_pb_22_pe_,unrealisable
infinite-race-u_pb_23_pe_,unrealisable
infinite-race-u_pb_24_pe_,unrealisable
infinite-race-u_pb_25_pe_,unrealisable
infinite-race-u_pb_3_pe_,unrealisable
infinite-race-u_pb_4_pe_,unrealisable
infinite-race-u_pb_5_pe_,unrealisable
infinite-race-u_pb_6_pe_,unrealisable
infinite-race-u_pb_7_pe_,unrealisable
infinite-race-u_pb_8_pe_,unrealisable
infinite-race-u_pb_9_pe_,unrealisable
infinite-race-unequal-1-real,realisable
infinite-race-unequal-10,unrealisable
infinite-race-unequal-2_pb_0_pe_,unrealisable
infinite-race-unequal-2_pb_1_pe_,unrealisable
infinite-race-unequal-2_pb_2_pe_,unrealisable
infinite-race-unequal-2_pb_3_pe_,unrealisable
infinite-race-unequal-2_pb_4_pe_,unrealisable
infinite-race-unequal-2_pb_5_pe_,unknown
infinite-race-unequal-2_pb_6_pe_,unrealisable
items_processing-real,realisable
ordered-visits-choice-real,realisable
ordered-visits-real,realisable
package-delivery-real,realisable
patrolling-alarm_pb_0_pe_,unrealisable
patrolling-alarm_pb_1_pe_,unrealisable
patrolling-alarm_pb_10_pe_,unrealisable
patrolling-alarm_pb_11_pe_,unrealisable
patrolling-alarm_pb_12_pe_,unrealisable
patrolling-alarm_pb_13_pe_,unrealisable
patrolling-alarm_pb_14_pe_,unrealisable
patrolling-alarm_pb_15_pe_,unrealisable
patrolling-alarm_pb_16_pe_,unknown
patrolling-alarm_pb_17_pe_,unrealisable
patrolling-alarm_pb_18_pe_,unrealisable
patrolling-alarm_pb_19_pe_,unrealisable
patrolling-alarm_pb_2_pe_,unrealisable
patrolling-alarm_pb_20_pe_,unrealisable
patrolling-alarm_pb_21_pe_,unrealisable
patrolling-alarm_pb_22_pe_,unrealisable
patrolling-alarm_pb_23_pe_,unrealisable
patrolling-alarm_pb_24_pe_,unrealisable
patrolling-alarm_pb_25_pe_,unrealisable
patrolling-alarm_pb_26_pe_,unrealisable
patrolling-alarm_pb_3_pe_,unrealisable
patrolling-alarm_pb_4_pe_,unrealisable
patrolling-alarm_pb_5_pe_,unrealisable
patrolling-alarm_pb_6_pe_,unrealisable
patrolling-alarm_pb_7_pe_,unrealisable
patrolling-alarm_pb_8_pe_,unrealisable
patrolling-alarm_pb_9_pe_,unrealisable
patrolling_pb_0_pe_,unrealisable
patrolling_pb_1_pe_,unknown
patrolling_pb_10_pe_,unrealisable
patrolling_pb_11_pe_,unrealisable
patrolling_pb_12_pe_,unrealisable
patrolling_pb_13_pe_,unrealisable
patrolling_pb_14_pe_,unrealisable
patrolling_pb_15_pe_,unrealisable
patrolling_pb_16_pe_,unrealisable
patrolling_pb_17_pe_,unrealisable
patrolling_pb_18_pe_,unrealisable
patrolling_pb_19_pe_,unrealisable
patrolling_pb_2_pe_,unrealisable
patrolling_pb_20_pe_,unrealisable
patrolling_pb_21_pe_,unrealisable
patrolling_pb_22_pe_,unrealisable
patrolling_pb_23_pe_,unrealisable
patrolling_pb_24_pe_,unrealisable
patrolling_pb_25_pe_,unrealisable
patrolling_pb_3_pe_,unrealisable
patrolling_pb_4_pe_,unrealisable
patrolling_pb_5_pe_,unrealisable
patrolling_pb_6_pe_,unrealisable
patrolling_pb_7_pe_,unrealisable
patrolling_pb_8_pe_,unrealisable
patrolling_pb_9_pe_,unrealisable
precise-reachability-real,realisable
precise-reachability0,unrealisable
reversible-lane-r-real,realisable
reversible-lane-u-unreal,unrealisable
reversible-lane-u_pb_0_pe_,unrealisable
reversible-lane-u_pb_1_pe_,unrealisable
robot-cat-real-1d-real,realisable
robot-cat-real-2d-real,realisable
robot-cat-unreal-1d-unreal,unrealisable
robot-cat-unreal-2d-unreal,unrealisable
robot-grid-commute-1d-real,realisable
robot-grid-commute-2d-real,realisable
robot-grid-reach-1d-real,realisable
robot-grid-reach-2d-real,realisable
robot-grid-reach-repeated-with-obstacles-1d-real,realisable
robot-grid-reach-repeated-with-obstacles-2d-real,realisable
robot-grid-reach-repeated-with-obstacles-6d-real,realisable
robot-resource-1d-unreal,unrealisable
robot-resource-1d_pb_0_pe_,unrealisable
robot-resource-1d_pb_1_pe_,unrealisable
robot-resource-2d_pb_0_pe_,unrealisable
robot-resource-2d_pb_1_pe_,unrealisable
robot-resource-2d_pb_10_pe_,unrealisable
robot-resource-2d_pb_11_pe_,unrealisable
robot-resource-2d_pb_12_pe_,unrealisable
robot-resource-2d_pb_13_pe_,unrealisable
robot-resource-2d_pb_14_pe_,unrealisable
robot-resource-2d_pb_15_pe_,unrealisable
robot-resource-2d_pb_16_pe_,unrealisable
robot-resource-2d_pb_17_pe_,unrealisable
robot-resource-2d_pb_18_pe_,unrealisable
robot-resource-2d_pb_19_pe_,unknown
robot-resource-2d_pb_2_pe_,unrealisable
robot-resource-2d_pb_20_pe_,unrealisable
robot-resource-2d_pb_21_pe_,unrealisable
robot-resource-2d_pb_22_pe_,unrealisable
robot-resource-2d_pb_23_pe_,unrealisable
robot-resource-2d_pb_3_pe_,unrealisable
robot-resource-2d_pb_4_pe_,unrealisable
robot-resource-2d_pb_5_pe_,unrealisable
robot-resource-2d_pb_6_pe_,unrealisable
robot-resource-2d_pb_7_pe_,unrealisable
robot-resource-2d_pb_8_pe_,unrealisable
robot-resource-2d_pb_9_pe_,unrealisable
robot-tasks-real,realisable
robot-to-target-charging-real,realisable
robot-to-target-charging-unreal_pb_0_pe_,unknown
robot-to-target-charging-unreal_pb_1_pe_,unrealisable
robot-to-target-charging-unreal_pb_2_pe_,unrealisable
robot-to-target-charging-unreal_pb_3_pe_,unrealisable
robot-to-target-charging-unreal_pb_4_pe_,unrealisable
robot-to-target-charging-unreal_pb_5_pe_,unrealisable
robot-to-target-charging-unreal_pb_6_pe_,unrealisable
robot-to-target-charging-unreal_pb_7_pe_,unrealisable
robot-to-target-charging-unreal_pb_8_pe_,unrealisable
robot-to-target-charging_pb_0_pe_,unrealisable
robot-to-target-charging_pb_1_pe_,unrealisable
robot-to-target-charging_pb_10_pe_,unrealisable
robot-to-target-charging_pb_11_pe_,unrealisable
robot-to-target-charging_pb_12_pe_,unrealisable
robot-to-target-charging_pb_13_pe_,unrealisable
robot-to-target-charging_pb_14_pe_,unrealisable
robot-to-target-charging_pb_15_pe_,unrealisable
robot-to-target-charging_pb_16_pe_,unrealisable
robot-to-target-charging_pb_17_pe_,unrealisable
robot-to-target-charging_pb_18_pe_,unrealisable
robot-to-target-charging_pb_19_pe_,unrealisable
robot-to-target-charging_pb_2_pe_,unrealisable
robot-to-target-charging_pb_20_pe_,unrealisable
robot-to-target-charging_pb_21_pe_,unrealisable
robot-to-target-charging_pb_22_pe_,unrealisable
robot-to-target-charging_pb_23_pe_,unrealisable
robot-to-target-charging_pb_24_pe_,unrealisable
robot-to-target-charging_pb_25_pe_,unrealisable
robot-to-target-charging_pb_3_pe_,unrealisable
robot-to-target-charging_pb_4_pe_,unrealisable
robot-to-target-charging_pb_5_pe_,unrealisable
robot-to-target-charging_pb_6_pe_,unrealisable
robot-to-target-charging_pb_7_pe_,unrealisable
robot-to-target-charging_pb_8_pe_,unrealisable
robot-to-target-charging_pb_9_pe_,unrealisable
robot-to-target-unreal0,unknown
robot-to-target0,unknown
robot_analyze_samples_v1-real,realisable
robot_collect_samples_v1-real,realisable
robot_collect_samples_v2-real,realisable
robot_collect_samples_v3-real,realisable
robot_collect_samples_v4-real,realisable
robot_deliver_products_1-real,realisable
robot_deliver_products_20,unknown
robot_deliver_products_30,unknown
robot_deliver_products_40,unknown
robot_deliver_products_50,unknown
robot_repair_pb_0_pe_,unknown
robot_repair_pb_1_pe_,unrealisable
robot_repair_pb_2_pe_,unrealisable
robot_repair_pb_3_pe_,unrealisable
robot_repair_pb_4_pe_,unrealisable
robot_repair_pb_5_pe_,unrealisable
robot_running-real,realisable
scheduler-real,realisable
solitary-real,realisable
solitary0,unrealisable
sort4-real,realisable
sort4_pb_0_pe_,unrealisable
sort4_pb_1_pe_,unrealisable
sort4_pb_2_pe_,unrealisable
sort5_pb_0_pe_,unknown
sort5_pb_1_pe_,unrealisable
sort5_pb_2_pe_,unrealisable
sort5_pb_3_pe_,unrealisable
square5x5-real,realisable
square5x5_pb_0_pe_,unrealisable
square5x5_pb_1_pe_,unrealisable
square5x5_pb_2_pe_,unrealisable
square5x5_pb_3_pe_,unrealisable
square5x5_pb_4_pe_,unrealisable
storage-GF-64-real,realisable
tasks-real,realisable
tasks-unreal_pb_0_pe_,unrealisable
tasks-unreal_pb_1_pe_,unrealisable
tasks-unreal_pb_2_pe_,unknown
taxi-service-real,realisable
taxi-service-u-unreal,unrealisable
thermostat-F-real,realisable
thermostat-GF-real,realisable
thermostat-GF-unreal_pb_0_pe_,unrealisable
thermostat-GF-unreal_pb_1_pe_,unknown
thermostat-GF-unreal_pb_2_pe_,unrealisable
unordered-visits-charging0,unknown
unordered-visits-real,realisable